videoid,name,tags,youtubeid
17d326bd-4576-427c-b4d2-f3534fb45fcf,'Vector Search in Cassandra 5','cassandra','s_QTHdb3yeE'
6c484cbb-c826-418d-8bfd-462186430988,'New Trailers This Week | Week 26 (2022) | Movieclips Trailers','movies trailers','lJr9Vn2819w'
c43ea964-08ce-4756-880c-382e5e93d6ef,'I Want You Back Trailer #2 (2022) | Movieclips Trailers','movies trailers','FBbeyC18I6k'
3d5a2bb5-0da5-4ae4-bfeb-8c30b0cdced9,'You&#39;re Cordially Invited Final Trailer (2025)','movies trailers','eOCGLwVMeuY'
175e9ea8-e9fa-43ec-9727-65641e59fc80,'Drop Featurette - Behind the Scenes First Look (2025)','movies trailers','PYUP4vYKeNg'
76c6a623-470d-400a-98c0-df6d3e82eccc,'Flight Risk Featurette - Mel Gibson‚Äôs ‚ÄòHit Your Mark‚Äô (2025)','movies trailers','csbSAsAWH_U'
9c868fbf-989e-4e11-abca-22a8547c204f,'Superman TV Spot - Icon (2025)','action superhero','VvLvSuLISqI'
4c715660-9404-4fdc-83a4-8d8914d132d9,'New Trailers This Week | Week 30 (2022)','movies trailers','26pPJD_lAxM'
69397b3c-34e7-4d66-82c9-258688447dc6,'Bring AI to Your Data','database','th9pX3XXw34'
6deaa6f8-cb3e-4679-85d2-c5ee6e1ed49b,'Thirteen Lives Trailer #1 (2022) | Movieclips Trailers','movies trailers','4bcvEJSYjAs'
746f22ea-3241-48cd-886c-3d2fc9b0ea78,'Operation Mincemeat Trailer #1 (2022) | Movieclips Trailers','movies trailers','2IKEaHl_8CY'
09ff7507-ab1b-443b-bf54-613d1fd0eed8,'Memory Trailer #1 (2022) | Movieclips Trailers','movies trailers','yGw8yw6Mso8'
da6f4c0f-6393-4a43-a569-efdc5cf5b26c,'Bloat Trailer #1 (2025)','movies trailers','XLiwx7q6ya0'
c1f9ada1-a0dd-4569-8ca0-97c3a10a8056,'The Most dramatic cats moments ever! üòÇ Funny Cat Videos 2025 üòπ','cat funny','GXZw6YHTTrk'
14f4ef62-147f-4ef2-b58a-63848c3e224a,'Doctor Strange in the Multiverse of Madness Exclusive Featurette - Enter the Multiverse (2022)','fantasy sci-fi','pvWpR66yiQI'
e55d2e75-1f13-4197-86dc-320f031f3221,'A Day to Die Trailer #1 (2022) | Movieclips Trailers','movies trailers','JnFQv6hnUuU'
039def6d-ba37-4490-b048-60c23ec51e4c,'Against the Ice Trailer #1 (2022) | Movieclips Trailers','movies trailers','TtN7xB33J-Y'
21fabae1-76d7-41b7-847f-471ec6f21182,'Fall Trailer #1 (2022) | Movieclips Trailers','movies trailers','h4P34ecf-IQ'
13df612d-6d88-413d-bb4b-d29d53048119,'New Trailers This Week | Week 7 (2022) | Movieclips Trailers','movies trailers','saFw6vQj0Vw'
f20cad9a-2666-4bd4-a26d-c4d9b68f7986,'Apache Cassandra¬Æ Analytics: A recipe to move Petabytes of data','cassandra','OXteZCM26DM'
276cbf72-4ce8-464f-b123-9b9de6b7a70c,'Luck Trailer #1 (2022) | Movieclips Trailers','movies trailers','NJHipDJvRI4'
e7916125-27de-4312-9d87-46e24c39520a,'New Trailers This Week | Week 3 (2025)','movies trailers','Ph6jhpY_8ks'
dff81a98-e8ce-4ea3-9194-329100a2cd97,'Jerry &amp; Marge Go Large Trailer #1 (2022) | Movieclips Trailers','movies trailers','nzW6Jy2F3mw'
db6d950b-ecf1-47ce-9dc1-5f1c1e75305a,'Apache Cassandra¬Æ Contributor Meeting | January 29, 2025','cassandra','WyMb6J_sV14'
a0747996-34b9-497a-93ca-91082a65cc92,'Funny Cat videos üê±üê± #meowing #memes #cute','cat funny','vzQdTvm2VA'
625f829c-a9cf-40d5-9853-9e68de0998d9,'The most DRAMATIC CATS cat ever! üòÇ Funny Cat Videos 2025','cat funny','GXZw6YHTTrk'
50d60570-91b3-43b5-884f-3b861f032567,'Dog Man Featurette - Fun In The Booth with Isla Fisher (2025)','funny','bW0wo1iH2Go'
6e9176aa-6f62-41a3-a097-773034640a9e,'The Adam Project Teaser Trailer (2022) | Movieclips Trailers','movies trailers','X9ebeNKkc08'
2b829c63-496f-4f63-aa7a-f12c963d6131,'Funniest Cats and Dogs Videos üò∫üê∂ || ü•∞üòπ Hilarious Animal Compilation ‚Ññ606','cat funny','4icRDKITVpE'
3120cf1f-12a2-4ef0-8cde-f9f3e022983c,'Panama Trailer #1 (2022) | Movieclips Trailers','movies trailers','2GSzkfe1aAY'
dd1eeacd-aeff-4464-94f5-dce0a4eca80c,'New Trailers This Week | Week 23 (2022) | Movieclips Trailers','movies trailers','CVL4QL1crU8'
7c155da1-7496-4a8c-8c52-a70d08097a35,'White Elephant Trailer #1 (2022) | Movieclips Trailers','movies trailers','YLuV1bbMEWg'
e5d4dc0a-c707-4505-8de6-307361b77ceb,'They/Them Trailer #1 (2022)','movies trailers','kPIqIkrzyVk'
bce1fe50-4c31-4656-97a1-0dada3f9eead,'Mr. Malcolm&#39;s List Trailer #1 (2022) | Movieclips Trailers','movies trailers','4ONCEOWbl4s'
d9475263-fbfb-4f93-b6b5-ba751bf8732f,'All the Old Knives Trailer #1 (2022) | Movieclips Trailers','movies trailers','VklxPiJvCOI'
272792f5-885a-496b-be1a-216ed767ecd5,'Mickey 17 Trailer #2 (2025)','dystopian sci-fi','tA1s65o_kYM'
ee77517a-b29a-4831-a2ac-52a1935f56a5,'How To Train Your Dragon - Warrior (2025)','animated children funny','nu2YY4cZR4A'
950852a7-3c20-4855-ab2e-9d5585a7e021,'Life‚Äôs Never Boring With These CATS Around! üòπ Funny Cat Video 2025','cat funny','ig49C04bJt0'
3adbb0c6-d8ae-4838-857a-948cc2e97ca4,'Thor: Love and Thunder - Team (2022) | Movieclips Trailers','action superhero','FWRnPSvq_w8'
ff9c09b4-69f3-4626-b45e-34a28d8858ce,'Fantastic Beasts: The Secrets of Dumbledore Trailer #2 (2022) | Movieclips Trailers','fantasy','DaM_wL1ZOM4'
6bbd0a8e-9b5b-4c8d-b1a8-5d3fede852b2,'Pearl Trailer #1 (2022)','fantasy','yT069_R5PeU'
b2a0384a-8382-4084-8d50-7d5999bad5df,'11 Data Structures Powering Databases','database','YFb3XRYdjG8'
0bf0a643-d778-4290-bced-0363d6e13a06,'Drop Trailer #1 (2025)','movies trailers','kpps_kn2PNM'
2c6f1a71-6709-444e-a8d5-947a2dea9c70,'New Trailers This Week | Week 20 (2022) | Movieclips Trailers','movies trailers','VPlFCJsXCs0'
7a7859e9-0b92-41f6-88fa-0821222611aa,'Black Adam Trailer #1 (2022) | Movieclips Trailers','movies trailers','X0tOpBuYasI'
68590743-c56f-40e7-9611-11949dd1a3b3,'Smile Trailer #1 (2022) | Movieclips Trailers','movies trailers','IHS99AeecB8'
a2fcd85e-5b42-4f6d-a45e-8a28d9eea81d,'Master Trailer #1 (2022) | Movieclips Trailers','movies trailers','LK1YBXEZ_Sw'
7d9dffff-716c-4031-9b13-5822da656023,'Spiderhead Trailer #1 (2022) | Movieclips Trailers','movies trailers','k0iX5qZeAFE'
900c1236-55ae-4f05-a7fb-d566d603a2ae,'Evaluating Your Cassandra Cluster for Migration','cassandra database','XSoXVoyrxik'
7dc931a4-adf5-430d-9c9d-4c5a3abcd4b4,'Build GenAI Applications with Cassandra','cassandra database','9JXdDz9HE6A'
d1e283c9-8ae7-4c3a-b7d2-27a3d8a77b2a,'Hell of a Summer Red Band Trailer #1 (2025)','movies trailers','6dxZf_LE8Po'
c933a5a8-0d99-4f4f-a28d-99fb927b39a2,'New Trailers This Week | Week 4 (2025)','movies trailers','0WhuZ8p8DSg'
6aa4af74-86d3-41d1-9fa0-0a7f1ad3eee1,'Blacklight Trailer #1 (2022) | Movieclips Trailers','movies trailers','PE04ESdgnHI'
ab67672e-2176-4d95-8146-8fe8e387550d,'Agent Game Trailer #1 (2022) | Movieclips Trailers','movies trailers','st4SmCnTBsA'
023ae083-3f68-4f4f-b463-9ab5ac6a6df3,'Dog Man Featurette - Fun In The Booth with Lil Rel (2025)','movies trailers','GRrhIU6FQes'
dc9da2cc-6251-4029-b607-123c5986e736,'The Bubble Trailer #1 (2022) | Movieclips Trailers','movies trailers','b7WSeB6nz5Q'
ebb087c9-fbe7-4c48-b8ef-f5e35ef609c7,'Love Me Featurette - Kristen Stewart &amp; Steven Yeun (2025)','movies trailers','rtv-T-Ybodc'
